question1,question2,is_duplicate,len_q1,len_q2,diff_len,len_char_q1,len_char_q2,len_word_q1,len_word_q2,common_words,fuzz_qratio,fuzz_WRatio,fuzz_partial_ratio,fuzz_partial_token_set_ratio,fuzz_partial_token_sort_ratio,fuzz_token_set_ratio,fuzz_token_sort_ratio,wmd,cosine_distance,cityblock_distance,jaccard_distance,canberra_distance,euclidean_distance,minkowski_distance,braycurtis_distance
What is the step by step guide to invest in share market in india?,What is the step by step guide to invest in share market?,0,66,57,9,20,20,14,12,10,93,95,98,100,89,100,93,0.564615226324486,0.06897203702065369,5.081614100563456,1.0,94.02332393702295,0.37140822936654994,0.16899896339645928,0.18655709729304665
What is the story of Kohinoor (Koh-i-Noor) Diamond?,What would happen if the Indian government stole the Kohinoor (Koh-i-Noor) diamond back?,0,51,88,-37,21,29,8,13,4,66,86,73,100,75,86,63,3.772346349415002,0.5121643862424728,14.195118809933774,1.0,177.58809037286073,1.0120913097383728,0.45591000594596737,0.5926548645881922
How can I increase the speed of my internet connection while using a VPN?,How can Internet speed be increased by hacking through DNS?,0,73,59,14,25,24,14,10,4,54,63,53,100,71,66,66,1.78058465171206,0.2220085638060657,9.055989089087234,1.0,135.98870656336987,0.6663461380467957,0.30782765249807126,0.34230608945724567
Why am I mentally very lonely? How can I solve it?,"Find the remainder when [math]23^{24}[/math] is divided by 24,23?",0,50,65,-15,19,26,11,9,0,35,35,30,37,38,36,36,3.741994077701619,0.6504112190201807,15.987436859199079,1.0,192.23782828674393,1.1405360599232013,0.5060277734952356,0.6924213634776579
"Which one dissolve in water quikly sugar, salt, methane and carbon di oxide?",Which fish would survive in salt water?,0,76,39,37,25,18,13,7,2,46,86,54,100,63,67,47,3.659165185234178,0.3699934668599315,12.103177707052964,1.0,161.40843460733615,0.8602249209218712,0.3827700846819865,0.4806326663800904
Astrology: I am a Capricorn Sun Cap moon and cap rising...what does that say about me?,"I'm a triple Capricorn (Sun, Moon and ascendant in Capricorn) What does this say about me?",1,86,90,-4,26,27,16,16,8,72,75,67,100,71,79,74,2.3574493585009577,0.27524210705447116,10.254048182316183,1.0,150.33558917336416,0.7419462630797655,0.33747048107346256,0.40006095730604874
Should I buy tiago?,What keeps childern active and far from phone and video games?,0,19,62,-43,14,20,4,11,0,25,35,37,39,39,24,23,3.546061961681201,0.8206373711503253,17.41475438971429,1.0,200.59872546972562,1.2811224240685215,0.5970818844124685,0.8166764013145639
How can I be a good geologist?,What should I do to be a great geologist?,1,30,41,-11,16,16,7,9,4,61,67,67,100,69,71,64,1.6913232803344727,0.06461523261715851,5.0087619237529,1.0,95.39589104833573,0.359486396819195,0.16112503952875853,0.18715011403596912
When do you use シ instead of し?,"When do you use ""&"" instead of ""and""?",0,31,37,-6,16,16,8,8,6,86,88,90,100,93,93,87,0.0,-2.220446049250313e-16,0.0,0.0,0.0,0.0,0.0,0.0
Motorola (company): Can I hack my Charter Motorolla DCX3400?,How do I hack Motorola DCX3400 for free internet?,0,60,49,11,25,24,9,9,3,50,62,55,100,54,65,50,1.2582429523892262,0.2847095338863568,10.634987427387387,1.0,153.6476105404917,0.7545986205839288,0.33793874806357865,0.40912645687921584
Method to find separation of slits using fresnel biprism?,What are some of the things technicians can tell about the durability and reliability of Laptops and its components?,0,57,116,-59,19,22,9,19,1,36,86,40,100,45,40,36,3.5973124703387764,0.6755580503152685,16.322558417792607,1.0,198.22350259698,1.1623751680706804,0.5249943165020823,0.7197064740256943
How do I read and find my YouTube comments?,How can I see all my Youtube comments?,1,43,38,5,21,17,9,8,5,76,77,71,100,70,81,76,1.7215249395859702,0.09298814351592821,6.0701144902195665,1.0,104.80937046957041,0.4312496939018029,0.192675710765535,0.22222946173750757
What can make Physics easy to learn?,How can you make physics easy to learn?,1,36,39,-3,17,19,7,8,6,88,88,86,100,89,92,85,0.0,1.1102230246251565e-15,0.0,0.0,0.0,0.0,0.0,0.0
What was your first sexual experience like?,What was your first sexual experience?,1,43,38,5,20,19,7,6,5,94,95,97,100,86,100,94,1.1956191002616101,0.05403304160792233,4.479044564504875,1.0,88.36878606059086,0.3287340706588119,0.1505878739918336,0.16592291388349958
"What are the laws to change your status from a student visa to a green card in the US, how do they compare to the immigration laws in Canada?",What are the laws to change your status from a student visa to a green card in the US? How do they compare to the immigration laws in Japan?,0,141,140,1,26,26,29,29,20,97,97,96,100,95,97,95,0.0,0.029336874451746597,3.3847293778671883,1.0,71.53162297336694,0.2422266455426001,0.10802894036356904,0.12122924603584911
What would a Trump presidency mean for current international master’s students on an F1 visa?,How will a Trump presidency affect the students presently in US or planning to study in US?,1,93,91,2,25,24,15,17,4,56,58,54,100,56,61,56,1.8293430388362408,0.29625173035867103,10.484230218011362,1.0,148.98989719163683,0.7697424839988748,0.3503203984487701,0.40848352060557175
What does manipulation mean?,What does manipulation means?,1,28,29,-1,15,15,4,4,3,98,98,96,100,96,98,98,0.0,0.10500769960713685,6.153396509005688,1.0,114.43656928959264,0.458274374717832,0.21184353235451958,0.23546957417657127
Why do girls want to be friends with the guy they reject?,How do guys feel after rejecting a girl?,0,57,40,17,21,19,12,8,1,44,48,45,100,59,51,51,2.9386156999880244,0.21092698987336722,8.973470758530311,1.0,137.21898990713106,0.6495028721409658,0.2922341285462561,0.3443815750222825
Why are so many Quora users posting questions that are readily answered on Google?,Why do people ask Quora questions which can be answered easily by Google?,1,82,73,9,22,24,14,13,5,61,68,59,100,61,72,61,1.868050793835489,0.15871764360204144,7.644780186397838,1.0,131.11831044164924,0.5634139345473467,0.25490457841907066,0.2966856124277782
Which is the best digital marketing institution in banglore?,Which is the best digital marketing institute in Pune?,0,60,54,6,19,19,9,9,7,89,89,91,100,91,86,84,0.6924760475259424,0.1876318036919019,8.386140802125738,1.0,123.15762998489217,0.612587605567496,0.2776831162480849,0.3107370543497162
Why do rockets look white?,Why are rockets and boosters painted white?,1,26,43,-17,15,18,5,7,3,63,86,65,100,76,81,66,2.501524950995201,0.22392357762438997,9.360888505609182,1.0,144.31809718539552,0.6692138202211061,0.30176918119004154,0.3641694296672593
What's causing someone to be jealous?,What can I do to avoid being jealous of someone?,0,37,48,-11,18,21,6,10,1,58,74,65,100,81,78,75,3.649201281480139,0.19398700143968983,8.742955687106587,1.0,137.21935720941542,0.6228756185856623,0.2791475567328167,0.331540400930189
What are the questions should not ask on Quora?,Which question should I ask on Quora?,0,47,37,10,17,19,9,7,4,80,80,86,100,86,78,78,0.9792728904807567,0.09722303986518899,6.151494221485336,1.0,113.31507735638829,0.44096042472225516,0.19842326039048952,0.23452615935389404
How much is 30 kV in HP?,Where can I find a conversion chart for CC to horsepower?,0,24,57,-33,16,19,7,11,0,33,39,33,39,39,30,30,4.038651978558302,0.4655615291530085,13.505689069104847,1.0,172.78897120167554,0.9649471966050691,0.4280981566454204,0.5616927587437295
What does it mean that every time I look at the clock the numbers are the same?,How many times a day do a clock’s hands overlap?,0,79,48,31,21,21,17,10,0,48,86,50,100,53,50,48,2.736490768175773,0.4498748177603362,13.076353125128662,1.0,166.98988982710387,0.9485513550381458,0.4233968460207552,0.5383733172686631
What are some tips on making it through the job interview process at Medicines?,What are some tips on making it through the job interview process at Foundation Medicine?,0,79,89,-10,23,24,14,15,13,93,93,91,100,94,93,93,0.6033573197522012,0.08634511051167648,5.65439715917455,1.0,96.47629799489579,0.4155601197645775,0.18864043097363997,0.20275424303841083
What is web application?,What is the web application framework?,0,24,38,-14,15,19,4,6,3,77,86,83,100,61,100,77,1.5571439266204834,0.1286708341849241,7.20781967844232,1.0,125.36214580455601,0.5072885457483028,0.22674190316619625,0.2729250002129378
Does society place too much importance on sports?,How do sports contribute to the society?,0,49,40,9,17,17,8,7,0,44,59,42,100,62,62,57,3.355824262019336,0.31637748203113536,10.79323598441988,1.0,152.33714509261563,0.7954589752656649,0.3579267561656217,0.4210607588164527
What is best way to make money online?,What is best way to ask for money online?,0,38,41,-3,16,18,8,9,7,91,91,87,100,88,93,83,0.6353974518392086,0.07626932571147571,5.337809005264717,1.0,100.65587562016384,0.39056195787911646,0.17942727761265373,0.1960841498987427
How should I prepare for CA final law?,How one should know that he/she completely prepare for CA final exam?,1,38,69,-31,19,25,8,12,6,65,86,71,100,70,91,63,1.5575217130841352,0.2569788426150841,10.026108097459655,1.0,145.1239085964305,0.7169083967838705,0.3214704596198966,0.3845388438818429
What's one thing you would like to do better?,What's one thing you do despite knowing better?,0,45,47,-2,20,20,9,8,6,76,77,73,100,71,81,71,1.0526904282850265,0.17518440996646534,8.2582497990079,1.0,129.64887812791073,0.5919196187899699,0.2656202434744495,0.3077085755409677
What are some special cares for someone with a nose that gets stuffy during the night?,How can I keep my nose from getting stuffy at night?,1,86,52,34,21,21,16,11,3,51,86,58,100,53,54,46,2.042571906844411,0.2196548517742002,8.947424666683219,1.0,131.50499155779477,0.662804426355551,0.30120434841002175,0.33892023264297666
What Game of Thrones villain would be the most likely to give you mercy?,What Game of Thrones villain would you most like to be at the mercy of?,1,72,71,1,25,24,14,15,11,81,89,80,100,91,94,91,0.9966650411128082,0.060631553250423464,4.853474655272294,1.0,93.42035507401648,0.34822851684855216,0.1559597232634664,0.17854852413247804
"Does the United States government still blacklist (employment, etc.) some United States citizens because their political views?",How is the average speed of gas molecules determined?,0,127,53,74,30,21,17,9,1,37,86,43,100,40,38,34,3.975133587474302,0.7562086179254953,16.702956133769476,1.0,195.41562080549602,1.2298037470380785,0.5584931130696666,0.7596022106769833
What is the best travel website in spain?,What is the best travel website?,0,41,32,9,15,13,8,6,5,87,95,97,100,87,100,87,1.1838791234048405,0.1583178971682675,7.825769880408188,1.0,125.02682859013132,0.5627040173144169,0.2517255252602931,0.2910925021840409
Why do some people think Obama will try to take their guns away?,Has there been a gun control initiative to take away guns people already own?,0,64,77,-13,22,22,13,14,4,45,56,45,100,49,59,49,2.1272030586979,0.29560136876707754,10.476937724797608,1.0,146.14977243599895,0.7688971299892868,0.3486593871350997,0.4070401384806078
I'm a 19-year-old. How can I improve my skills or what should I do to become an entrepreneur in the next few years?,I am a 19 year old guy. How can I become a billionaire in the next 10 years?,0,115,76,39,30,26,23,18,9,63,86,59,100,55,81,59,1.9847320548797607,0.30511275160232454,10.848220873318496,1.0,161.25427094140431,0.7811692981249984,0.3509632485758574,0.4359248451221032
"When a girlfriend asks her boyfriend ""Why did you choose me? What makes you want to be with me?"", what should one reply to her?",My girlfriend said that we should end this because she is confused about her feelings for me. I wished her well and disconnected. Should I call her and ask her if she wants to get back together?,0,127,194,-67,25,25,25,37,4,45,86,46,100,55,54,51,2.688761227814077,0.30785033786813576,10.876461318628571,1.0,146.0550913952869,0.7846659383993108,0.35424848203589904,0.4183052436387698
How do we prepare for UPSC?,How do I prepare for civil service?,1,27,35,-8,14,16,6,7,4,73,78,74,100,81,82,73,1.951422095298767,0.4272735292341363,13.06404768221546,1.0,170.09848560350963,0.924417150186193,0.4108088322481783,0.5243640479112419
What is the stall speed and AOA of an f-14 with wings fully swept back?,"Why did aircraft stop using variable-sweep wings, like those on an F-14?",0,71,72,-1,26,28,15,12,1,43,53,41,100,51,56,51,3.3564143577020644,0.46292123964248566,13.600583580438979,1.0,171.84633262722053,0.9622070850685385,0.42611464916912606,0.5478367206526551
Why do Slavs squat?,Will squats make my legs thicker?,0,19,33,-14,14,17,4,6,0,32,48,42,56,56,40,40,inf,0.43141497322503164,12.735749918271722,1.0,170.8823096065111,0.9288864028558566,0.4187846544282912,0.5143737751282257
When can I expect my Cognizant confirmation mail?,When can I expect Cognizant confirmation mail?,0,49,46,3,21,20,8,7,7,97,97,93,100,93,100,97,0.0,5.551115123125783e-16,0.0,0.0,0.0,0.0,0.0,0.0
"Can I make 50,000 a month by day trading?","Can I make 30,000 a month by day trading?",0,41,41,0,20,20,9,9,8,98,98,98,100,98,98,98,0.0,2.220446049250313e-16,0.0,0.0,0.0,0.0,0.0,0.0
Is being a good kid and not being a rebel worth it in the long run?,Is being bored good for a kid?,0,67,30,37,18,14,16,7,4,42,86,60,100,69,79,46,2.707490038438845,0.32114294669757293,11.411217777465936,1.0,161.5533958369366,0.8014273942907428,0.3613348126738401,0.4529043484019248
What universities does Rexnord recruit new grads from? What majors are they looking for?,What universities does B&G Foods recruit new grads from? What majors are they looking for?,0,88,90,-2,25,27,14,15,12,93,93,92,100,89,95,90,0.6115357689213046,0.13796080197513827,7.237333199736895,1.0,110.85591986926423,0.5252824139043997,0.2392136482570095,0.26775298090422334
What is the quickest way to increase Instagram followers?,How can we increase our number of Instagram followers?,0,57,54,3,22,19,9,9,3,62,66,63,100,68,70,66,2.2217915163142465,0.34991237224526783,11.586241392447846,1.0,158.78269571991166,0.8365553164427169,0.37689334260480273,0.4586201311040618
How did Darth Vader fought Darth Maul in Star Wars Legends?,Does Quora have a character limit for profile descriptions?,0,59,59,0,23,20,11,9,0,40,40,40,38,40,38,40,3.4800134894719927,0.8094039140238831,17.779029299883405,1.0,200.78498633612185,1.2723238342839704,0.5728789995612532,0.8187842638287612
"What are the stages of breaking up between couple? I mean, what happens after the breaking up emotionally whether its a male or female?","Who is affected more by a breakup, the boy or the girl?",0,135,55,80,24,22,24,12,3,37,86,49,100,51,46,44,3.5947296807834053,0.5839458340334367,14.674651259190796,1.0,176.07698618832598,1.0806903977495623,0.4894560635624521,0.62532524561903
What are some examples of products that can be make from crude oil?,What are some of the products made from crude oil?,1,67,50,17,21,17,13,10,8,77,86,68,100,82,90,82,1.3501539454680807,0.08168930192901502,5.6595354147284525,1.0,102.63673277736845,0.4042011937779356,0.18110542066307572,0.20724586649614013
How do I make friends.,How to make friends ?,1,22,21,1,15,15,5,5,2,90,90,86,100,86,91,80,1.5699584484100342,3.3306690738754696e-16,0.0,0.0,0.0,0.0,0.0,0.0
Is Career Launcher good for RBI Grade B preparation?,How is career launcher online program for RBI Grade B?,1,52,54,-2,22,23,9,10,6,71,77,69,100,73,81,75,1.0831751787261477,0.11208023439785808,6.354037441815308,1.0,112.80057005578432,0.47345587605813966,0.2161784984452214,0.24210954885283886
"Will a Blu Ray play on a regular DVD player? If so, how?",How can you play a Blu Ray DVD on a regular DVD player?,1,56,55,1,23,18,13,13,8,68,86,67,100,83,91,82,0.541151596268362,0.0250563814577367,3.0900068583505345,1.0,75.7091567991678,0.22385880156836893,0.10128480650751079,0.11418890313288046
Nd she is always sad?,Aerodynamically what happens when propellor rotates?,0,21,52,-31,11,18,5,6,0,25,36,38,40,40,34,34,3.8471356743800946,0.7760591031679867,16.794803341312218,1.0,191.29203088311618,1.2458403596825631,0.5700695430373598,0.7620392033520388
What is the best/most memorable thing you've ever eaten and why?,What is the most delicious dish you've ever eaten and why?,1,64,58,6,22,20,11,11,8,78,81,72,100,70,85,75,1.660248664827347,0.26651403332611656,9.884573606293998,1.0,136.91077418885135,0.7300877063016268,0.3344079557033345,0.37709103387967036
How GST affects the CAs and tax officers?,Why can't I do my homework?,0,41,27,14,21,17,8,6,0,39,39,41,46,46,42,42,3.8847557470798493,0.7184112002398475,16.48955578703317,1.0,195.71067202238612,1.1986752726863008,0.5415016020997756,0.7391752260995044
How difficult is it get into RSI?,Do you apply for programs like RSI when you're a rising senior?,0,33,63,-30,18,23,7,12,0,36,86,36,100,44,36,32,2.9653432873551844,0.6297387857385681,15.546178932258044,1.0,193.45080319904798,1.1222644571376914,0.5113287425724772,0.682873763884328
Who is israil friend?,Is my boyfriend lying about his true feelings for his friend and is he secretly attracted to her?,0,21,97,-76,13,20,4,18,1,28,86,57,100,60,62,28,inf,0.3536575277552394,11.520290995162213,1.0,158.865182800714,0.8410202812776194,0.3809515184179107,0.45272131024171747
What are some good rap songs to dance to?,What are some of the best rap songs?,0,41,36,5,15,15,9,8,4,67,77,69,100,74,81,77,2.290393789468646,0.12798767610076278,7.061313075319049,1.0,127.61277625843941,0.5059400672275453,0.2259166130326895,0.26866224795355176
I was suddenly logged off Gmail. I can't remember my Gmail password and just realized the recovery email is no longer alive. What can I do?,I can't remember my Gmail password or my recovery email. How can I recover my e-mail?,1,139,85,54,29,24,26,16,8,59,86,71,100,66,82,62,1.852737449355982,0.09358452163635644,6.105634025589097,1.0,108.99573145567325,0.4326303867375444,0.191255592604507,0.2279515391987
What are the best ways to learn French?,How do I learn french genders?,0,39,30,9,16,16,8,6,1,51,60,53,100,55,63,48,2.5117693572997797,0.2845369741235627,10.734185675100889,1.0,150.41966292219416,0.7543698919446286,0.334812050813256,0.4211198635582907
How do I download content from a kickass torrent without registration?,Is Kickass Torrents trustworthy?,0,70,32,38,21,18,11,4,1,48,86,62,100,61,44,42,2.790909414178276,0.4127565854884969,12.7573712654048,1.0,168.7801947603327,0.9085775750041786,0.404370530934592,0.5171929693620935
Is it normal to have a dark ring around the iris of my eye?,What causes a dark ring around the iris? How should it be treated?,0,59,66,-7,20,20,14,13,6,63,66,64,100,59,70,56,1.5610364129741192,0.1959114874893405,8.638649480155436,1.0,138.1794897273432,0.6259576833376158,0.2819617151171106,0.3340501022184732
How is the new Harry Potter book 'Harry Potter and the Cursed Child'?,How bad is the new book by J.K Rowling?,1,69,39,30,21,21,13,9,5,50,86,54,100,53,67,52,2.536379426790544,0.5901429108198528,14.831515963709535,1.0,185.10294824470918,1.086409658750689,0.495089616116958,0.644876380000723
Why do I always get depressed?,Why do I always get depressed in the evening?,0,30,45,-15,16,19,6,9,5,79,90,97,100,79,100,79,1.104565442562089,0.08553149600737053,5.82131887543801,1.0,109.87148375306782,0.413597635841441,0.18693256423223858,0.21707773251968798
Where can I find a European family office database?,Where do I find a U.S. family office database?,0,51,46,5,22,22,9,9,7,84,86,76,100,84,91,83,1.0343801359480898,0.13312772388511884,7.167498407216044,1.0,117.3580635630073,0.5159994536803009,0.23359845332730358,0.2609081651534176
What is Java programming? How To Learn Java Programming Language ?,How do I learn a computer language like java?,1,66,45,21,22,21,11,9,3,46,66,56,100,61,69,50,2.149766746950531,0.19731836420747928,8.584019830741454,1.0,135.40455814410643,0.6282011860389002,0.2838528029204798,0.326359243678127
What is the best book ever made?,What is the most important book you have ever read?,1,32,51,-19,15,19,7,10,5,67,86,62,100,58,81,62,0.9390885474555994,0.2730282872676979,10.218697591757518,1.0,147.65732218174526,0.7389564070704181,0.33269028941073914,0.39771382531137756
Can we ever store energy produced in lightning?,Is it possible to store the energy of lightning?,1,47,48,-1,20,16,8,9,3,60,64,66,100,67,67,67,1.4736586472169082,0.16102657756831007,7.8707523239572765,1.0,127.44275240392916,0.5674972698639089,0.2561962770145688,0.2958705464462204
What is your review of Performance Testing?,What is performance testing?,0,43,28,15,21,16,7,4,4,78,86,71,100,74,100,78,1.617557406425476,0.10417749729220938,6.325660464382963,1.0,109.01107877500958,0.45645918981902034,0.20492370074734345,0.2371931066362977
At what cost does so much privacy as in Germany come? What else is lost to gain so much privacy?,Are there any people who genuinely enjoy salad with no dressing?,0,96,64,32,23,19,20,11,0,38,40,42,43,44,44,42,3.485605893291235,0.6850250259265572,16.158423622182454,1.0,192.1350675697605,1.170491352589898,0.5303170486301101,0.7247348912046894
What are the types of immunity?,What are the different types of immunity in our body?,0,31,53,-22,16,18,6,10,5,73,86,74,100,77,100,73,2.3224884105662893,0.14223227621300083,7.172373677691212,1.0,114.9611530802483,0.5333521941012025,0.24380432670349794,0.26924285812433946
What is a narcissistic personality disorder?,What is narcissistic personality disorder?,1,44,42,2,16,16,6,5,5,98,98,95,100,100,100,98,0.0,2.220446049250313e-16,0.0,0.0,0.0,0.0,0.0,0.0
How I can speak English fluently?,How can I learn to speak English fluently?,1,33,42,-9,21,22,6,8,6,85,95,82,100,91,100,88,1.1229470694877894,0.04417431947377248,4.2173540142248385,1.0,90.75333492072168,0.29723499137887505,0.13275453567128748,0.15384763102987828
How helpful is QuickBooks' auto data recovery support phone number to recover your corrupted data files?,What is the quickbooks customer support phone number USA?,1,104,57,47,26,21,16,9,4,58,86,67,100,68,76,54,3.0513066853951467,0.34877689922200283,11.351393022720004,1.0,155.64437783373302,0.835196840058215,0.3805654234777355,0.4525644297168606
Who is the richest gambler of all time and how can I reach his level?,Who is the richest gambler of all time and how can I reach his level as a gambler?,1,69,82,-13,21,21,15,18,14,91,95,99,100,90,100,91,0.7014489826174737,0.04392320571963404,4.05975240044063,1.0,85.95523203629747,0.2963889546920146,0.13432539624203912,0.15008398520942232
If I fire a bullet backward from an aircraft going faster than the bullet; will the bullet be going backwards?,"Do bullets travel faster than the speed of sound when shot from a gun? If not, is it possible? If they do, what gun and how much devastation occurs?",0,110,148,-38,22,25,20,29,6,40,44,41,100,44,46,44,2.8974242552738407,0.3007554444497571,10.856077125441516,1.0,153.9570426804328,0.7755713139112398,0.34821454019036985,0.4378646328357998
How do I prevent breast cancer?,Is breast cancer preventable?,0,31,29,2,16,13,6,4,1,52,75,55,100,75,79,79,2.168573100976467,0.15874321682182224,7.833297820230655,1.0,127.95512215731124,0.5634593436306293,0.25240131246088376,0.29486928155371267
How do I log out of my Gmail account on my friend's phone?,How can I know who logged in to my Gmail account? (by telling his IP address or device name)?,0,58,93,-35,24,27,13,19,4,58,86,60,100,54,58,59,3.1120096495610308,0.21868315249385062,9.168350638821721,1.0,137.30708437179055,0.6613367608971316,0.29800222255616204,0.3447090276075266
How can I make money through the Internet?,"What are some different ways to make money online, excluding selling things?",0,42,76,-34,17,23,8,12,2,45,86,50,100,49,49,43,2.1783815549010317,0.3432705776141384,11.637741222752084,1.0,155.9008851703539,0.8285778126723125,0.3731152468949198,0.44710624909898883
What is purpose of life?,What's the purpose of life? What is life actually about?,1,24,56,-32,14,18,5,10,5,56,86,79,100,78,100,60,2.513384234132171,0.06546775185564946,4.988654258631868,1.0,93.44915710362133,0.3618501131306017,0.16327005945377163,0.18237280459714833
When will the BJP government strip all the Muslims and the Christians of the Indian citizenship and put them on boats like the Rohingya's of Burma?,"Why India does not apply the ""Burma-Rohingya model"" to deport illegal Bangladeshis?",0,147,83,64,33,23,26,12,1,39,86,42,100,48,52,46,3.623761240551925,0.37577112143078617,11.713334047082753,1.0,157.8669513785295,0.8669153868809567,0.40020538599838684,0.46822905869511483
What is the right etiquette for wishing a Jehovah Witness happy birthday?,How important is it to be the first person to wish someone a happy birthday?,0,73,76,-3,22,18,12,15,5,59,59,59,100,50,61,50,2.5139597088355043,0.26386710402193214,10.063896049417963,1.0,144.88413410506632,0.7264531847272837,0.32553252267155963,0.3907116858289108
"If someone wants to open a commercial FM radio station in any city of India, how much does it cost and what is the procedure?","I want to make a travel commercial/clip video HD , For India and New Zealand. How much will it cost?",0,125,100,25,23,28,25,20,6,53,61,55,100,64,64,61,2.903733856799484,0.37914816580186383,12.220965113010607,1.0,162.4572330612724,0.8708021171238622,0.38757282711802654,0.48869249939225723
Why do Swiss despise Asians?,Why do technical employees despise sales people so much?,0,28,56,-28,15,17,5,9,3,51,86,54,100,48,68,44,3.241741716621637,0.6228678198255658,15.791095665082139,1.0,195.95084902980153,1.1161253051302589,0.4942024717069253,0.6988191215778599
What are some of the high salary income jobs in the field of biotechnology?,What are some high paying jobs for a fresher with an M.Tech in biotechnology?,1,75,77,-2,20,24,14,14,7,67,71,65,100,70,75,68,2.2640644657289024,0.24416493346383106,9.595914082790841,1.0,135.61139659789745,0.698806036503105,0.3146309580888612,0.3612053206425891
How can I increase my height after 21 also?,Can height increase after 25?,1,43,29,14,21,15,9,5,4,63,86,59,100,71,94,77,0.0,0.05722623959463358,4.666345125995576,1.0,82.30142006482629,0.3383082449237794,0.15500414679561453,0.1665691403053292
"What were the major effects of the cambodia earthquake, and how do these effects compare to the Kamchatca earthquakes in 1952?","What were the major effects of the cambodia earthquake, and how do these effects compare to the Valparaiso earthquake in 1822?",1,126,126,0,28,28,21,21,15,93,93,93,100,90,91,90,0.5555950752960205,0.028839322344425655,3.3363989153585862,1.0,68.54212676368536,0.24016379471675042,0.1081739257267576,0.11942132133055841
What is the difference between sincerity and fairness?,What's the difference between honest and sincere?,0,54,49,5,16,17,8,7,4,81,83,80,100,81,87,87,2.5999690535130187,0.26654891531616065,9.954639737556136,1.0,139.0848019184997,0.7301354757848539,0.33228563104412867,0.37659715174529024
Which is the best gaming laptop under 60k INR?,Which is the best gaming laptop under Rs 60000?,1,46,47,-1,25,22,9,9,7,88,88,87,100,88,92,88,1.044158852964158,0.11683039956349217,6.752394650335191,1.0,105.55770063150345,0.4833847401943132,0.21617461576406738,0.24856639554385024
What is your review of The Next Warrior: Proving Grounds - Part 9?,What is your review of The Next Warrior: Proving Grounds - Part 5?,0,66,66,0,26,26,13,13,12,98,98,98,100,98,98,98,0.0,4.440892098500626e-16,0.0,0.0,0.0,0.0,0.0,0.0
What is the best reference book for physics class 11th?,"Which book should I choose for reference for physics and chemistry (class 11, CBSE board)?",0,55,90,-35,19,30,10,15,4,55,86,62,100,72,74,64,1.6134661279627185,0.16493006981803493,7.7715235797077185,1.0,124.57705368382895,0.5743345325034989,0.264143675085201,0.29605647747403663
"National Institute of Technology, Kurukshetra: How is the social life at NITK, Surathkal?","National Institute of Technology Karnataka (NITK) , Surathkal: To the graduating batch: What lessons would you want to give to your juniors before you leave?",0,89,157,-68,26,32,13,25,4,52,86,62,100,75,75,58,2.652969465008903,0.4433058341477917,13.255720801884308,1.0,171.25632236563357,0.9416005716042569,0.42148367842464957,0.5430418283311663
What are some of the best romantic movies in English?,What is the best romantic movie you have ever seen?,1,53,51,2,19,17,10,10,4,67,69,65,100,73,73,71,1.2379311812516098,0.24339398582145932,9.57649446609139,1.0,147.51605293946005,0.6977019418599817,0.3156848677932201,0.37819267798449946
What causes a nightmare?,What causes nightmares that seem real?,1,24,38,-14,14,15,4,6,2,70,86,88,100,78,70,70,2.5528260804683334,0.26735661344809936,9.84292901198205,1.0,135.86119637195247,0.7312408882359966,0.3354964852345817,0.36997775524703164
What is abstract expressionism in painting?,What are some of the major influences of abstract expressionism?,0,43,64,-21,17,20,6,10,2,57,86,65,100,67,78,65,2.543280802796041,0.19249303665481,8.772875244656461,1.0,136.77916954828765,0.6204724573504161,0.275905782627114,0.33765840484122395
How does 3D printing work?,How do 3D printing work?,1,26,24,2,16,14,5,5,4,96,96,92,100,91,96,96,0.0,-4.440892098500626e-16,0.0,0.0,0.0,0.0,0.0,0.0
What was it like to attend Caltech with Jeremy Ehrhardt?,Who are some notable folks who attended Caltech?,0,56,48,8,21,19,10,8,0,53,53,56,100,53,53,53,2.8733562885496235,0.5723467679988081,15.228607287299383,1.0,188.0437696802954,1.0699034972661288,0.4729486846898403,0.647073575641336
Why did harry become a horcrux?,What is a Horcrux?,0,31,18,13,15,13,6,4,2,60,86,61,100,73,69,51,inf,0.3592216834025931,11.78431436730898,1.0,155.72599150878807,0.8476104099109522,0.37767820254740964,0.4575753358773496
What are the best associate product manager (APM) programs that someone in their early 20s can join to learn product management and have a rewarding career in the company?,What are the general requirement to become a Product Manager or a Program Manager in a product based software company?,0,171,118,53,30,25,29,20,9,56,64,52,100,65,64,67,2.316414388880985,0.2674638478709641,10.20897918978335,1.0,150.3933110923196,0.7313875221430989,0.32859799984404053,0.39970412258599214
Why is the number for Skype at 1-855-425-3768 always busy?,How could I get Skype to work on an android 4.1.1 phone?,0,58,56,2,30,24,10,12,1,36,46,32,100,49,47,48,2.343595947742185,0.36702774414795847,12.09756617131643,1.0,166.7214587911186,0.8567704001080354,0.3837024007502512,0.4838068293959304
Will there really be any war between India and Pakistan over the Uri attack? What will be its effects?,Will there be a nuclear war between India and Pakistan?,1,102,55,47,23,19,19,10,7,61,86,85,100,67,90,62,2.299411159712543,0.18089811776494846,8.343345071050862,1.0,129.6943804498233,0.6014949888316005,0.2704174699805125,0.3172244919715479
Did Ronald Reagan have a mannerism in his speech?,How did Ronald Reagan react to 9/11?,0,49,36,13,18,18,9,7,3,55,62,58,100,57,65,55,1.347156715728811,0.39242294382623955,12.46863134020532,1.0,169.03760537382186,0.8859153006233298,0.39634161773502347,0.5046589318475351
What were the war strategies of the Union and the Confederates during the Civil War?,How could the Confederates have possibly defeated Union forces at Gettysburg during the American Civil War?,0,84,107,-23,20,28,15,16,6,54,70,56,100,57,74,61,2.2241171315992116,0.18097739477139274,8.451929467926675,1.0,125.59079266959034,0.6016267824081436,0.26822459981858593,0.3156916917843033
Which is the best fiction novel of 2016?,Which are some of the best fiction novels?,0,40,42,-2,18,17,8,8,5,75,76,75,100,82,80,80,1.1247901565844665,0.06670990802989929,5.1196392404453945,1.0,94.96032778586313,0.3652667713231555,0.16339294928064987,0.18406262201367526
Can I recover my email if I forgot the password?,What should I do if I forgot my email password?,1,48,47,1,22,20,10,10,6,60,75,62,100,79,79,77,1.4086356465632857,0.058384661537782434,4.597964487036734,1.0,85.58344609909922,0.34171527749146396,0.1562703143355268,0.16573581808788335
Will the recent demonetisation results in higher GDP? If so how much?,How demonetisation could affect the GDP of India in both short run and long run?,0,69,80,-11,23,24,12,15,4,50,58,51,100,66,61,56,3.3193179357359446,0.46252369381190983,13.19130236878118,1.0,171.59061872141592,0.9617938395605906,0.4417489849842811,0.5411465769137062
Have you ever heard of travel hacking?,Can WhatsApp be hacked?,0,38,23,15,19,15,7,4,0,41,45,43,50,50,44,44,inf,0.5706523459910015,14.872373536898522,1.0,187.04368426417352,1.0683186547700885,0.4873325017654846,0.6356510414984228
What's the difference between love and pity?,What is the difference between love and pity?,1,44,45,-1,21,20,7,8,6,99,99,95,100,93,99,94,1.3603332466598983,4.440892098500626e-16,0.0,0.0,0.0,0.0,0.0,0.0
How competitive is the hiring process at Republic Bank?,How competitive is the hiring process at S & T Bank?,0,55,52,3,23,22,9,11,8,88,91,85,100,88,96,89,0.9870310406115055,0.09455324657409736,6.005616011796519,1.0,110.0011401182561,0.4348637823130526,0.19649932066593287,0.22253741831915086
How Google helps in spam ranking adjustment of the search results?,"What is the distribution of traffic between Google organic search results? e.g. #1 vs. #2 in rankings, first page vs. second page",0,66,129,-63,23,28,11,22,6,39,86,45,100,62,65,51,3.2421675331693014,0.2994113986499204,10.842392605351051,1.0,165.71780779270077,0.7738364193218078,0.34956085251321184,0.4354640184507712
Where can I watch gonulcelen with english subtitles?,Where can I watch sarrainodu with subtitles?,0,52,44,8,18,18,8,7,6,74,81,64,100,72,85,74,2.0042052268981934,0.10161810105923108,6.227547820082691,1.0,107.17813551934107,0.4508172629601037,0.2024044724917167,0.2325610814827872
Is USA the most powerful country of the world?,Why is the USA the most powerful country of the world?,0,46,54,-8,21,22,9,11,8,92,95,96,100,91,100,92,0.0,5.551115123125783e-16,0.0,0.0,0.0,0.0,0.0,0.0
How do you obtain an instant ulcer pain relief?,What is better for a low back pain: heat or ice?,0,47,48,-1,19,19,9,11,0,43,43,43,100,35,43,35,3.622994290108323,0.455172270075459,12.984353621781338,1.0,166.2681671658587,0.9541197522760964,0.43306399884348673,0.5386208953551216
What do you think China food?,How do you think of Chinese food?,1,29,33,-4,14,16,6,7,4,80,80,79,100,64,80,73,1.7208659663963317,0.195449293916525,8.524709257842915,1.0,144.56843784046208,0.6252188461666319,0.2890985890073622,0.33773447403671053
What does taking advantage of someone mean?,Is it worse to take advantage of someone or be materialistic?,0,43,61,-18,16,20,7,11,3,65,65,72,100,55,65,65,1.3035609664734404,0.25602778077185684,10.061774585155945,1.0,146.322973704395,0.7155805814146402,0.321889280261822,0.3880522399455481
Why do we cry when we are happy and when we are sad?,Why do we cry?,0,52,14,38,14,10,13,4,3,41,90,93,100,69,100,41,inf,0.3128885553642703,10.915513866988476,1.0,146.2757749190646,0.7910607430325847,0.35885945946859604,0.42115985552709784
Why do some girls like to stick their their tongues out when taking pictures?,Why do teen girls (and women in general) allow their boyfriends to take naked pictures of them in this day and (digital) age?,0,77,125,-48,21,25,14,23,5,49,86,52,100,64,60,50,2.7619202750663034,0.3473217392647673,11.665378359964961,1.0,160.9386974049982,0.833452767543897,0.37017051034338905,0.45985554974928167
"Did you find the ending of the novel ""1984"" depressing?","How do Winston and Julia differ in the novel ""1984""? How are they similar?",0,55,74,-19,23,26,10,14,2,54,54,56,100,50,54,56,2.5993194884505453,0.5393475120301225,14.572115562681574,1.0,174.3977692496915,1.0386024668919356,0.46298402936166866,0.5978921478472472
What are some mind-blowing computer tools that exist that most people don't know about?,What are some mind-blowing technologies that exist that most people don't know about?,0,87,85,2,24,24,14,13,11,91,91,89,100,82,91,84,1.2477417197122693,0.1698385688266898,7.989223523301916,1.0,131.54217515333278,0.5828182662408488,0.26156804877404916,0.30406084215424617
Should the toothbrush be wet or dry before applying the toothpaste?,What is the cheapest toothpaste?,0,67,32,35,20,11,11,5,2,45,86,56,100,62,62,47,4.180898981659412,0.39885294049445263,12.179208762274357,1.0,158.79695453005252,0.8931438542575741,0.40570183561493717,0.48245641171740267
Why my question was marked as needing imrovement?,How can I ask a question without getting marked as ‘need to improve’?,1,49,69,-20,20,24,8,13,3,61,61,61,100,67,60,60,1.6593723539088616,0.19397680933720618,8.450838376855245,1.0,124.37755948484397,0.6228592201231373,0.28755377689072587,0.31843185474646757
What is the difference between a neutral state and a buffer state?,"If every state of the USA declared war against each other, which would win?",0,66,75,-9,17,24,12,14,2,39,48,42,100,46,51,43,3.077743066176326,0.5176497092376902,14.185567413602257,1.0,182.73498024389278,1.0174966500262423,0.4600007761673929,0.6052342669626435
What mineral holds the highest electrical charge?,What mineral can hold the greatest electrical charge?,1,49,53,-4,16,16,7,8,5,88,88,84,100,92,88,88,1.3328297995955944,0.13107448321650828,7.1797353936235595,1.0,122.07214704566053,0.5120048594806169,0.22885927442199877,0.26991230264450605
What is the greatest mystery in the universe?,What is the greatest mystery of all time?,0,45,41,4,15,15,8,8,5,79,79,80,100,70,82,76,0.0,0.17222700446522554,8.03341238048597,1.0,124.08167006142757,0.5869020658980739,0.2651939937742205,0.29429802882516404
What is the alternative to machine learning?,How do I over-sample a multi-class imbalance data set?,0,44,54,-10,16,21,7,9,0,42,42,36,40,40,40,40,3.8558467163658143,0.8304563542957675,17.93872546595594,1.0,205.77626046518884,1.2887640513421623,0.5789585648795205,0.8497707043723338
"Why does China block sanctions at the UN against the Jaish-e-Mohammad (JeM) chief, Masood Azhar?",Why does China support Masood Azhar?,1,96,36,60,31,19,15,6,5,48,86,58,100,54,87,49,2.868055072633624,0.462761748177575,13.305486744240625,1.0,182.89465432999492,0.9620413298421161,0.43630450750991284,0.5560424483164177
What is the mean of future budget?,What is the meaning of the future?,0,34,34,0,17,15,7,7,4,79,80,79,100,79,84,79,2.499766371185303,0.3732404606968942,11.760316910978872,1.0,161.8352714915054,0.8639912777812357,0.39337760485130757,0.46753075265316385
Can excessive amounts of Vitamin C cause me to have a miscarriage?,How can Vitamin C cause a miscarriage?,1,66,38,28,19,17,12,7,6,67,86,71,100,65,94,69,1.6291421293421067,0.08798579102062576,5.923571407193322,1.0,104.72319795969182,0.41948967403943904,0.18550353696533362,0.21749961290010167
What is it like to work in Asahi India Glass? What will be the pay scale after one or two years?,When will we get the Call Letter after we get the Letter of Intent in Asahi India Glass recruitment?,0,96,100,-4,23,24,21,19,6,43,63,43,100,59,66,61,2.6813431429279664,0.4551279252395084,12.991184649039496,1.0,163.93609582912137,0.9540732489458515,0.4314460239279417,0.5309688278990967
How do I access Torbox in India?,How do I access Google.com from India?,0,32,38,-6,16,19,7,7,5,74,77,62,100,52,81,62,2.1369266510009766,6.661338147750939e-16,0.0,0.0,0.0,0.0,0.0,0.0
What are some yakshini mantras?,What is a Yantra & Mantra?,0,31,26,5,14,12,5,6,1,62,62,50,100,65,64,64,inf,0.24614339295680243,9.573819754572469,1.0,143.44148163457487,0.7016315297074486,0.31987157912702835,0.3731181132074181
Was six party talks successful?,Which course is better in NICMAR?,0,31,33,-2,16,19,5,6,0,29,30,26,33,33,32,32,3.1971190401882343,0.7507233417009086,16.933349448510853,1.0,201.37204589227483,1.2253353631086037,0.5512369516770629,0.7636756385996422
How do I register my domain site email?,How do you register a .an domain?,0,39,33,6,17,17,8,7,3,69,79,73,100,65,83,67,2.4625396950156477,0.15362311255201222,7.6584588047116995,1.0,127.60848779745496,0.554297933924061,0.24924577318744964,0.2910929282953946
Is it normal for older men to be attracted to young women?,Why am I attracted to older men?,0,58,32,26,20,15,12,7,3,52,86,69,100,58,83,61,1.9114184350349426,0.10648743633586732,6.570826220573508,1.0,118.70884581968315,0.461492026075581,0.2051487802123749,0.2454409153585914
What is the strongest structure or strongest shape under compression?,What is the strongest Kevlar cord?,0,69,34,35,17,17,10,6,4,57,86,76,100,61,78,55,1.8477705613803863,0.4381586545113426,12.491996766679222,1.0,164.60636209162294,0.9361182105675149,0.4316126500121085,0.5140286137836987
Who are the Rohingya Muslims?,Who are the Rohingya people?,1,29,28,1,18,15,5,5,4,80,81,79,100,78,85,80,inf,0.6427023004509906,15.787173307646299,1.0,185.99713679398087,1.1337568729309406,0.5088853448022773,0.6812224837065319
Does it matter whether humans are selfish or evil?,Does it matter whether humanity is evil or not?,1,50,47,3,17,17,9,9,5,76,78,77,100,81,82,78,1.6838129131096602,0.13684650264028408,7.162268825835781,1.0,121.39893386237401,0.5231567663144977,0.23818090094299518,0.2726873732146419
Are exocytosis and endocytosis examples of active or passive transport?,What are examples of passive transport in cells?,0,71,48,23,19,18,10,8,4,60,78,67,100,72,82,65,2.2826080567554374,0.19427017547018977,8.767997794318944,1.0,136.61935582512552,0.6233300742539682,0.2771938433891953,0.33674277070685465
How i get hair on bald head?,"If I shave my head for 2 years as am getting bald and then grew my hair, will the hair will be same as when I intially have? Or I loose more hair?",0,28,146,-118,15,23,7,33,3,26,86,50,100,56,74,28,2.633413737997352,0.11301657785750763,6.511660284220852,1.0,109.08583975927192,0.4754294638426569,0.21467017233949237,0.24135232110242028
What is the ideal life after retirement?,What's life after retirement?,0,40,29,11,14,14,7,4,3,84,91,83,100,79,96,81,2.1684510707855225,0.1360775734953903,7.1884743989867275,1.0,121.77041917684096,0.5216849336328099,0.2375756055708874,0.2689590603217802
What is our stance against Pakistan?,What is the stance of Pakistan in the possession of weapons of mass destruction by North korea? Does it support DPRK or is it against DPRK?,0,36,139,-103,16,27,6,26,4,35,86,69,100,57,94,40,3.545192809792578,0.3303719128010506,11.337975424714386,1.0,157.99752265538558,0.8128615242146157,0.36454758902012335,0.4456252362679555
What are good websites for escorts?,How do I find a good escort?,0,35,28,7,16,16,6,7,1,49,56,50,100,67,59,59,1.7310346997195483,0.3568095549720821,11.751460011480958,1.0,158.38383205709874,0.8447597960059885,0.37933975085441635,0.4629721533088413
Which one is better polo diesel or grand i10 petrol?,What is the best diet for a growing decathlete?,0,52,47,5,19,18,10,9,1,49,49,51,100,43,49,43,3.485433765030047,0.7548262464115789,16.659523352704127,1.0,194.97095156844483,1.2286791656941327,0.5680930109575943,0.7513336726989345
Does a black hole have mass?,Does a black hole have a finite mass?,1,28,37,-9,13,17,6,8,6,86,95,86,100,74,100,86,1.351488629811691,0.12312640454422952,6.8746240326654515,1.0,108.89877521099294,0.4962386711770397,0.22618662583178212,0.2515596299868559
"Is Morgan Freeman correct when he says the only way to stop racism, is to stop talking about it?",What are your views about this Morgan Freeman quote about Racism?,1,96,65,31,24,23,19,11,3,40,61,45,100,61,64,54,2.602420276382446,0.307375779629281,10.971678580506705,1.0,149.63931068553308,0.7840609217542129,0.347894332642469,0.42271967134125044
Does Fab currently offer new employees stock options or RSUs?,Does Uber currently offer new employees stock options or RSUs?,0,61,62,-1,24,22,10,10,9,96,96,95,100,93,97,93,0.5526016338426409,0.08348615002762638,5.748668172534963,1.0,106.2647561145912,0.40862245694101984,0.18178966527515114,0.21203429517744873
How would you review the site Waveclues?,Is there a good pay for reviews site out there?,0,40,47,-7,18,18,7,10,1,52,52,57,100,51,46,47,2.052052321131305,0.33284275857828893,11.4805110468551,1.0,162.90303960491326,0.81589551921232,0.36659227581086784,0.4574722510243177
In how many ways can we distribute 10 identical looking pencils to 4 students so that each student gets at least one pencil?,In how many ways 12 apples can be distributed among 4 children such that every child gets at least 2 apples?,0,124,108,16,25,25,23,21,10,65,65,62,100,50,63,51,1.72191828224309,0.31839633635614284,11.061906670540338,1.0,159.09147045737916,0.7979928916772387,0.3585469002107862,0.43320787311184394
How much would it cost to hire Jerry Seinfeld for 1-2 hours?,How much on average would it cost to video tape a 2 hour presentation?,0,60,70,-10,23,21,12,14,6,61,66,63,100,63,69,59,2.3192440874996785,0.41101960201562115,12.467859944765223,1.0,161.6764780759312,0.9066637290524522,0.41048287632249075,0.5022574547362985
Is 7 days too late for rabies vaccine after a possible non-bite exposure?,Can I take rabies injection after 1 day of dog bite?,0,73,52,21,22,20,13,11,2,54,59,58,100,55,62,59,2.37987356760856,0.3419334916649126,11.34523587436388,1.0,161.70398126942126,0.8269625189498749,0.3741564502748863,0.45604744687071785
How many years Britain ruled India?,What is the standard amount of time off given for an international relocation?,0,35,78,-43,18,19,6,13,0,32,40,43,41,41,34,34,3.1366427635763166,0.7204739474105599,16.958767597975566,1.0,202.3414116396735,1.200394904004081,0.5324387714027463,0.7732353616889287
How can I stop being afraid of working?,How do you stop being afraid of everything?,0,39,43,-4,19,20,8,8,5,78,78,74,100,68,77,70,0.0,0.16788099621673913,7.971363027492771,1.0,128.84720851716332,0.5794497608015344,0.26352627282125285,0.3025020439089043
Why does Red keep the keys in OITNB?,Why does Red keep the keys in season 4 of Orange is the New Black?,1,36,66,-30,19,25,8,15,7,70,86,83,100,66,91,64,1.7494210751533157,0.16588713123711696,7.9528715415654005,1.0,126.28663938038014,0.575998515152856,0.25928419015162957,0.30025745438335255
At what age should someone lose their virginity?,"At what age, how, and where did you lose your virginity?",0,48,56,-8,19,19,8,11,4,69,69,58,100,60,71,56,2.283427321103909,0.04516925997671295,4.175897306078696,1.0,84.29760260004826,0.3005636764751299,0.1359354185793249,0.15263770524024026
How forgetful are you?,How can I forget my wife?,0,22,25,-3,13,16,4,6,1,53,59,55,100,67,62,62,3.2395682334899902,0.6423797231426198,15.483921777136857,1.0,189.11861399868292,1.1334722934988197,0.5187860670499675,0.6710731461151098
Could Snoke secretly be Darth Maul?,How could Snoke be Darth Plagueis if he was killed by Emperor Palpatine?,0,35,72,-37,20,27,6,13,4,46,86,63,100,62,74,51,1.9177836774017158,0.5558999860712188,14.92312134988606,1.0,182.61261738957893,1.0544192983378917,0.47190963029159844,0.6255938524604707
"If I do not monetize YouTube videos & upload copyright content, then are there chances that Google may block my account?",How do you upload movies on YouTube and monetize them? Is there any issue of copyright,1,120,86,34,29,27,21,16,6,47,63,50,100,72,66,65,2.1745817368636837,0.11328881015745584,6.544173259702802,1.0,110.2711216956981,0.4760017093993995,0.21497802796415957,0.24211207263995643
Would you switch from Canon 6D to Leica D-LUX 109?,What tripod should I get for my Canon 6D?,0,50,41,9,29,23,10,9,1,49,51,51,100,57,54,54,2.7803698939456383,0.4116523680298163,12.46666750262375,1.0,160.72415610739293,0.907361404312722,0.4105331319523814,0.4922108559639752
What does the Quora website look like to members of Quora moderation?,How does Quora look to a moderator?,1,69,35,34,20,15,12,7,4,61,86,57,100,59,69,57,2.2287178489758968,0.5257354183977356,14.146559812397754,1.0,178.40077669373906,1.0254125440378774,0.46531652266782336,0.5863365434313067
Why nobody answer my questions in Quora?,Why is no one answering my questions in Quora?,1,40,46,-6,19,18,7,9,5,86,86,85,100,79,86,86,1.520861978026901,0.17449352974160404,8.11682130972622,1.0,135.93699101996827,0.5907512582072024,0.2658428863852182,0.3188978073122502
What is the funniest joke you know?,What is the funniest joke of all time?,1,35,38,-3,16,16,7,8,5,79,81,80,100,81,85,76,0.0,0.06412269370414658,4.898325907430262,1.0,92.29235450909422,0.35811366531014693,0.16222614098439597,0.17722252395475688
"I got job offer @ Chelmsford-Essex, London with £3764 PM pay-after tax deduction. Pls advice tentative monthly expenses for couple? & saving possible?","If I am leaving Norway, can I pay down my mortgage with my BSU account, and then sell my apartment without having to pay back the tax deduction I got for having BSU?",0,150,165,-15,40,30,23,33,5,44,48,41,100,48,50,46,2.99155135289784,0.2829737504273807,10.363435677369125,1.0,144.07889795092026,0.7522948108470451,0.33912673269392674,0.4038310197822106
What are stereotypes about the United Kingdom?,What do Americans think about the United Kingdom?,0,46,49,-3,20,21,7,8,5,73,74,70,100,69,78,73,2.8319795440929165,0.3172428329324041,10.978906328440644,1.0,149.66577880145388,0.7965461164146669,0.3601601439027092,0.4256943880256192
How do I use Twitter as a business source?,How can I use Twitter for business?,1,42,35,7,17,17,9,7,4,75,83,80,100,76,87,75,1.147511246929577,0.09784940306705137,6.083435928332619,1.0,106.36570736337552,0.4423785731742715,0.19830475597066832,0.2232250283408111
How can I transfer money from Skrill to a PayPal account?,How can I send money from my PayPal account to my Skrill account to withdraw?,0,57,77,-20,21,23,11,15,8,59,85,68,100,79,89,77,2.1193000073380803,0.10766326051795194,6.41643702131114,1.0,122.27001844718055,0.46403290213347614,0.20972597356485603,0.24399187227204658
Which is the best earphone with deep bass under 1000?,Which is the Best earphones under Rs 1000?,1,53,42,11,19,19,10,8,6,82,82,74,100,80,82,80,2.8184490799067774,0.4122474298412936,12.469440410888637,1.0,157.20911676577094,0.9080169940816611,0.4095846561299976,0.4921533937166874
Are government employees eligible to Sukanya Samrudi Yojana?,Can a Government employee apply IEC?,0,60,36,24,23,16,8,6,1,55,86,61,100,69,53,53,1.6912131228349068,0.33652435843695105,11.329694563843077,1.0,152.59278386338636,0.8203954774749785,0.3714316670497952,0.44995714651669183
Which is correct - 'Looking forward to speak with you' or 'Look forward to speak with you'?,"Which is correct: ""speak with"" or ""speak to""?",0,91,45,46,23,16,17,8,3,65,86,64,100,79,100,63,inf,0.1892966716382174,8.650529510545311,1.0,131.95439111578077,0.6152994010224966,0.2760815891590887,0.32722453360278175
Which are the best engineering fields?,What is the best field of engineering?,1,38,38,0,16,16,6,7,2,65,77,66,100,81,81,81,1.6836372963514328,0.1226909069780564,6.846505833496849,1.0,121.56745193703722,0.4953603176101039,0.22227490043097967,0.2597126729989597
How do you make life suit you and stop life from abusing you mentally and emotionally?,"Why are emotionally abusive people in my life? Several ex boyfriends, friends, and past coworkers/bosses have been abusers. Do I attract them?",0,86,142,-56,21,30,16,22,2,35,86,40,100,51,52,48,3.156058530911884,0.34014188199309514,11.645353706451715,1.0,155.77374547217983,0.8247931788469729,0.3664813569557152,0.44998111122519147
What is the difference between gross salary and CTC?,"There seems to be a difference between my weekly paycheck and the yearly salary my employer agreed upon, how does that work?",0,52,124,-72,21,24,9,22,5,46,86,60,100,61,79,46,2.6638275783431844,0.2961161925487126,10.61093957675621,1.0,154.54156254421773,0.7695663939742566,0.3511674018964136,0.4198720749634847
Which are the prospering towns in Kerala?,Why are there so many Christians in Kerala?,0,41,43,-2,17,16,7,8,3,66,66,63,100,56,61,54,3.787984773217201,0.4388345121633783,12.972464895245139,1.0,166.27023493823552,0.9368399223904236,0.4203021885749309,0.5263251607449103
What is the best way to gain confidence?,How can I speak with more clarity and confidence?,0,40,49,-9,17,21,8,9,1,62,62,63,100,58,57,51,3.4744692775315413,0.4881418551863669,13.356795337662334,1.0,173.95714330721512,0.988070696861457,0.45466583507247804,0.5655795094761096
Does anyone see the relation between Greek gods and Hindu gods?,"What parallelism can we draw between gods of Hindu mythology, Greek mythology, Egyptian mythology, etc.?",1,63,104,-41,21,28,11,15,4,40,86,52,100,55,65,46,1.6779724313675903,0.24806075740393607,9.840897483823937,1.0,145.72650464819225,0.7043589393365591,0.31388802108570096,0.37676357624864615
How do I switch from Apple Music to Spotify?,Should I switch from Spotify to Apple Music?,0,44,44,0,22,21,9,8,5,67,86,67,100,84,91,84,1.2292537587200405,-2.220446049250313e-16,0.0,0.0,0.0,0.0,0.0,0.0
Which is the best fixed income fund?,What is the best fixed income fund?,1,36,35,1,16,17,7,7,6,93,93,91,100,94,93,93,0.0,2.220446049250313e-16,0.0,0.0,0.0,0.0,0.0,0.0
What is it like to live in Cologne?,"What is it like to live in Köln, Germany? ",1,35,42,-7,15,20,8,9,7,82,83,86,100,82,87,81,0.0,0.4613637507539553,13.207854687367217,1.0,165.84646522350135,0.9605870762401736,0.43461934702443145,0.527765894547672
"Between Robert De Niro and Al Pacino, who is more successful?","Who do you regard as the best actor, Robert De Niro or Al Pacino?",0,61,65,-4,25,24,11,14,5,48,66,51,100,64,69,62,1.594863299247821,0.14371261717429806,7.453807723970385,1.0,121.52616523144458,0.5361205429287123,0.2430626985216018,0.27615854484023017
Why does some people prefer small families.?,Why do some people prefer to live with small family?,1,44,52,-8,16,18,7,10,5,80,80,70,100,86,84,84,0.7385204559014391,0.10919563789730702,6.481947555948864,1.0,116.07895634211565,0.46732352466080473,0.21042257458157226,0.23996956906968966
Do animals kiss?,Do animals (besides humans) kiss?,1,16,33,-17,10,17,3,5,3,64,86,75,100,67,100,67,0.0,0.11784589314762017,6.496458021079889,1.0,111.95153862588981,0.48548100309180037,0.22369369311605034,0.24396866589121446
How do you get deleted Instagram chats?,How can I view deleted Instagram dms?,1,39,37,2,19,18,7,7,3,73,73,70,100,75,76,73,1.4871887524394989,0.3858813014166287,12.33826562811737,1.0,169.76464776893263,0.8785002303921643,0.3930342226807103,0.5041585863214977
How can I stop being addicted to love?,How do I stop being addicted to someone?,0,38,40,-2,18,17,8,8,6,84,84,84,100,81,86,84,0.0,0.15606667439912347,7.639484948293102,1.0,119.95574700588504,0.5586889559409535,0.25296934971109153,0.28689911473666335
What if I hired two private eyes and ordered them to follow each other?,Would I be able to hire two private investigators and then get them to follow each other?,1,71,89,-18,21,23,14,17,9,72,72,76,100,71,76,68,1.9012732007632958,0.2741029565008921,9.967844857987075,1.0,134.48800742059734,0.7404092846209359,0.3391987532393237,0.3784123102639286
How do I find a startup accelerator?,How do startup accelerators give you the funding?,0,36,49,-13,18,21,7,8,3,63,73,72,100,71,77,72,2.332525590077369,0.27700499062018824,10.246706718855421,1.0,143.30049060422203,0.7443184931603739,0.33528654675981284,0.39425292701994896
How can I check wifi history and access it through android phones?,I cannot open Quora through my WiFi router. Why can I only access it through a mobile network?,0,66,94,-28,21,25,12,18,6,56,60,55,100,48,63,55,2.0725071325120927,0.23246759516147042,9.561919295258122,1.0,138.9563257605887,0.6818615770926953,0.3047429118690817,0.36143044970610977
"What was the significance of the battle of Somme, and how did this battle compare and contrast to the Battle of Rostov?","What was the significance of the battle of Somme, and how did this battle compare and contrast to the Battle of Riyadh?",1,119,119,0,25,25,22,22,14,96,96,96,100,96,96,96,0.0,4.440892098500626e-16,0.0,0.0,0.0,0.0,0.0,0.0
What is the most creative college admissions essay you've read?,Has any college admission officer cried in public while reading an applicant's essay?,0,63,85,-22,20,23,10,13,1,47,55,49,100,55,58,56,3.0440098715185386,0.2509697648745506,9.6500529445766,1.0,143.55708925839036,0.7084769106075864,0.32319012741325176,0.3698943644866541
"What would happen if you cover one of your eyes with an eye patch for one year, then take the patch off?",What happens if eye medicine enters the eye?,0,104,44,60,22,16,22,8,4,45,86,59,100,63,56,47,2.835740502380848,0.41241588125805095,12.740981904498767,1.0,161.8500538530283,0.9082024968816234,0.4021421682640848,0.501975913713248
Is it possible to pursue many different things in life?,How do I refuse to chose between different things to do in my life?,1,55,67,-12,20,21,10,14,5,63,65,67,100,70,68,62,1.8490550071942806,0.24018105812509272,9.311910389718832,1.0,140.20850509059636,0.6930816063656337,0.31915899106401596,0.3608584059471757
Did Ben Affleck shine more than Christian Bale as Batman?,"No fanboys please, but who was the true batman, Christian Bale or Ben Affleck?",1,57,78,-21,20,25,10,14,3,53,70,56,100,71,74,67,1.575659637007141,0.16315880422828144,7.71698844295679,1.0,124.02463072253593,0.5712421498840595,0.263795763094451,0.2889669278560255
Which business is good start up in Hyderabad?,Which business is better to start in Hyderabad?,1,45,47,-2,19,17,8,8,6,84,86,82,100,89,90,82,0.6709705120668927,0.07014960315692398,5.112871917677694,1.0,99.77659114767603,0.37456537766733994,0.17140416105526596,0.1932094180228747
How can I stop being so possessive?,How do I stop being over possessive for a person whom I love?,1,35,61,-26,16,21,7,13,4,64,86,86,100,59,89,60,2.499271220208702,0.13086135570747603,6.929398675605626,1.0,122.60776801877493,0.5115884173478625,0.2363529428407513,0.26017558256610973
Who was the wife of Lord Krishna?,Who is the father of lord Krishna?,0,33,34,-1,16,15,7,7,5,86,86,82,100,84,84,71,1.0599644339535237,0.07214837208226654,5.242819923878415,1.0,93.76720839464446,0.3798641091303267,0.1717149803837501,0.1918207629458695
What is the best combination of courses I can take up along with CA to enhance my career?,What courses must be taken along with CA course?,1,89,48,41,25,21,18,9,5,55,86,69,100,55,71,59,1.70209431065342,0.2774856484814152,10.343504939344712,1.0,148.6813759166982,0.7449639678941078,0.3342446476338258,0.40565920195066874
How do you take a screenshot on a Mac laptop?,How do I take a screenshot on my MacBook Pro? What are some instructions?,1,45,73,-28,19,23,10,14,6,64,86,80,100,59,78,64,1.1469620717883706,0.19453748683434002,8.504128340417083,1.0,131.74878041309535,0.6237587409962572,0.28534819387525107,0.3220692998073769
What is the work of an executive recruiter like?,What is it like to work with an executive recruiter?,0,48,52,-4,19,18,9,10,5,80,87,77,100,83,92,86,1.3006289475838377,4.440892098500626e-16,0.0,0.0,0.0,0.0,0.0,0.0
Which psychological need does 'collecting' fulfill?,Why do people collect things?,0,51,29,22,19,15,6,5,0,49,51,55,50,50,50,50,3.3299663434827327,0.6840641792259592,16.110389421475702,1.0,182.48194073125325,1.1696702324196688,0.5285529906523974,0.7008331124888375
What are some must watch TV shows before you die?,Are there any must watch TV shows?,1,49,34,15,20,17,10,7,4,62,78,71,100,73,82,64,0.7756519885215746,0.07202040927377196,5.184375623059168,1.0,97.3726141371908,0.3795270900907652,0.1714821594778601,0.1949343886008716
How can I become more fluent in Chinese?,How can I become fluent in chinese?,1,40,35,5,20,18,8,7,7,93,95,83,100,100,100,93,0.0,6.661338147750939e-16,0.0,0.0,0.0,0.0,0.0,0.0
